{"cameraMode":{"drawMode":0,"name":"Shaded","section":"Shading Mode"},"sceneLighting":true,"audioPlay":false,"sceneViewState":{"m_AlwaysRefresh":false,"showFog":true,"showSkybox":true,"showFlares":true,"showImageEffects":true,"showParticleSystems":true,"showVisualEffectGraphs":true,"m_FxEnabled":true},"in2DMode":false,"pivot":{"x":2.1574273109436037,"y":-4.701549053192139,"z":-1.0353559255599976},"rotation":{"x":-0.7337290048599243,"y":0.001438931212760508,"z":-0.0015257798368111253,"w":-0.6794230937957764},"size":21.005931854248048,"orthographic":true}